building,nan,semidetached_house,ABC Housing ltd,644930.5846,6116329.196,POINT (644930.5845999999 6116329.196),3,0
building,nan,house,ABC Housing ltd,649313.7086,6110434.217,POINT (649313.7086 6110434.217),3,0
building,nan,house,ABC Housing ltd,647587.8875,6112884.248,POINT (647587.8875 6112884.248),3,0
building,nan,house,ABC Housing ltd,647350.5829,6110675.828,POINT (647350.5829 6110675.828),3,0
building,nan,house,ABC Housing ltd,647301.7828,6110731.309,POINT (647301.7828 6110731.309),3,0
building,nan,terrace,ABC Housing ltd,649165.0661,6113254.02,POINT (649165.0661000001 6113254.02),3,0
building,nan,house,ABC Housing ltd,645530.3004,6117021.199,POINT (645530.3003999999 6117021.199),3,0
building,nan,house,ABC Housing ltd,649349.5132,6110298.209,POINT (649349.5132 6110298.209),3,0
building,nan,house,ABC Housing ltd,646210.5423,6116180.542,POINT (646210.5423 6116180.542),3,0
building,nan,house,ABC Housing ltd,647672.6695,6112925.281,POINT (647672.6695 6112925.281),3,0
building,nan,semidetached_house,ABC Housing ltd,649411.8064,6119053.82,POINT (649411.8064 6119053.82),3,0
building,nan,terrace,ABC Housing ltd,649149.1017,6113268.048,POINT (649149.1017 6113268.048),3,0
building,nan,terrace,ABC Housing ltd,649143.7175,6113271.468,POINT (649143.7175 6113271.468),3,0
building,nan,semidetached_house,ABC Housing ltd,648720.6226,6119029.031,POINT (648720.6226 6119029.031),3,0
building,nan,house,ABC Housing ltd,645752.8284,6116616.55,POINT (645752.8284 6116616.55),3,0
building,nan,house,ABC Housing ltd,647519.9821,6113017.558,POINT (647519.9821 6113017.558),3,0
building,nan,terrace,ABC Housing ltd,649166.483,6113299.58,POINT (649166.483 6113299.58),3,0
building,nan,house,ABC Housing ltd,649247.457,6110404.802,POINT (649247.4570000001 6110404.802),3,0
building,nan,terrace,ABC Housing ltd,649878.335,6112506.701,POINT (649878.335 6112506.701),3,0
building,nan,semidetached_house,ABC Housing ltd,649526.4612,6118984.153,POINT (649526.4612 6118984.153),3,0
building,nan,semidetached_house,ABC Housing ltd,649539.2443,6118947.944,POINT (649539.2443 6118947.944),3,0
building,nan,terrace,ABC Housing ltd,645566.9438,6116999.283,POINT (645566.9438 6116999.283),3,0
building,nan,semidetached_house,ABC Housing ltd,647547.4015,6112776.009,POINT (647547.4015 6112776.009),3,0
building,nan,house,ABC Housing ltd,647625.6216,6110706.087,POINT (647625.6216 6110706.087),3,0
building,nan,house,ABC Housing ltd,649573.7323,6113516.958,POINT (649573.7323 6113516.958),3,0
building,nan,semidetached_house,ABC Housing ltd,646445.9296,6116035.296,POINT (646445.9296 6116035.296),3,0
building,nan,house,ABC Housing ltd,649922.4471,6112446.806,POINT (649922.4471 6112446.806),3,0
building,nan,house,ABC Housing ltd,649921.5883,6112458.234,POINT (649921.5882999999 6112458.234),3,0
building,nan,house,ABC Housing ltd,649509.6105,6119077.096,POINT (649509.6105 6119077.096),3,0
building,nan,house,ABC Housing ltd,649702.1902,6118712.907,POINT (649702.1902 6118712.907),3,0
building,nan,house,ABC Housing ltd,645499.7504,6116040.919,POINT (645499.7504 6116040.919),3,0
building,nan,house,ABC Housing ltd,649912.2934,6112316.971,POINT (649912.2934 6112316.971),3,0
building,nan,house,ABC Housing ltd,649920.6213,6112361.448,POINT (649920.6213 6112361.448),3,0
building,nan,house,ABC Housing ltd,649921.0077,6112355.086,POINT (649921.0077 6112355.086),3,0
building,nan,house,ABC Housing ltd,649212.1366,6110251.509,POINT (649212.1366 6110251.509),3,0
building,nan,semidetached_house,ABC Housing ltd,647567.6166,6110178.373,POINT (647567.6166 6110178.373),3,0
building,nan,house,ABC Housing ltd,649827.7726,6112270.731,POINT (649827.7726 6112270.731),3,0
building,nan,semidetached_house,ABC Housing ltd,647561.1247,6110093.552,POINT (647561.1247 6110093.552),3,0
building,nan,terrace,ABC Housing ltd,649657.2043,6118658.317,POINT (649657.2043 6118658.317),3,0
building,nan,house,ABC Housing ltd,645324.9418,6116338.873,POINT (645324.9418 6116338.873),3,0
building,nan,semidetached_house,ABC Housing ltd,646485.9482,6115983.728,POINT (646485.9482 6115983.728),3,0
building,nan,house,ABC Housing ltd,649680.7453,6119159.286,POINT (649680.7453 6119159.286),3,0
building,nan,house,ABC Housing ltd,649633.0887,6119174.429,POINT (649633.0887 6119174.429),3,0
building,nan,house,ABC Housing ltd,649677.6229,6119197.793,POINT (649677.6229 6119197.793),3,0
building,nan,house,ABC Housing ltd,648745.5853,6112683.464,POINT (648745.5853 6112683.464),3,0
building,nan,house,ABC Housing ltd,649566.417,6118733.278,POINT (649566.417 6118733.278),3,0
building,nan,house,ABC Housing ltd,649530.8943,6119192.164,POINT (649530.8943 6119192.164),3,0
building,nan,semidetached_house,ABC Housing ltd,647583.0417,6110130.113,POINT (647583.0416999999 6110130.113),3,0
building,nan,semidetached_house,ABC Housing ltd,648732.6361,6112990.329,POINT (648732.6361 6112990.329),3,0
building,nan,house,ABC Housing ltd,650300.628,6109986.178,POINT (650300.628 6109986.178),3,0
building,nan,house,ABC Housing ltd,648550.7939,6113100.12,POINT (648550.7939 6113100.12),3,0
building,nan,house,ABC Housing ltd,645790.3517,6116744.046,POINT (645790.3517 6116744.046),3,0
building,nan,semidetached_house,ABC Housing ltd,648637.01,6113100.101,POINT (648637.01 6113100.101),3,0
building,nan,semidetached_house,ABC Housing ltd,646103.6057,6116361.074,POINT (646103.6057 6116361.074),3,0
building,nan,terrace,ABC Housing ltd,649254.1882,6113289.469,POINT (649254.1882 6113289.469),3,0
building,nan,semidetached_house,ABC Housing ltd,646128.6692,6116364.888,POINT (646128.6692 6116364.888),3,0
building,nan,house,ABC Housing ltd,646117.4467,6116303.738,POINT (646117.4467 6116303.738),3,0
building,nan,house,ABC Housing ltd,649914.1188,6110177.909,POINT (649914.1188000001 6110177.909),3,0
building,nan,terrace,ABC Housing ltd,649824.3995,6112333.233,POINT (649824.3995000001 6112333.233),3,0
building,nan,house,ABC Housing ltd,649397.7051,6119384.352,POINT (649397.7051 6119384.352),3,0
building,nan,house,ABC Housing ltd,649499.4469,6118956.696,POINT (649499.4469 6118956.696),3,0
building,nan,house,ABC Housing ltd,650245.7392,6110007.786,POINT (650245.7392 6110007.786),3,0
building,nan,house,ABC Housing ltd,650409.8671,6119513.97,POINT (650409.8671 6119513.97),3,0
building,nan,house,ABC Housing ltd,646200.1173,6116250.215,POINT (646200.1173 6116250.215),3,0
building,nan,terrace,ABC Housing ltd,649851.6846,6112335.023,POINT (649851.6846 6112335.023),3,0
building,nan,house,ABC Housing ltd,648514.9673,6113074.823,POINT (648514.9673 6113074.823),3,0
building,nan,semidetached_house,ABC Housing ltd,650012.0315,6110172.991,POINT (650012.0315 6110172.991),3,0
building,nan,house,ABC Housing ltd,646772.8636,6112811.601,POINT (646772.8636 6112811.601),3,0
building,nan,house,ABC Housing ltd,648501.5293,6113006.711,POINT (648501.5293000001 6113006.711),3,0
building,nan,terrace,ABC Housing ltd,649053.5536,6113812.65,POINT (649053.5536 6113812.65),3,0
building,nan,house,ABC Housing ltd,648442.5176,6113093.498,POINT (648442.5176 6113093.498),3,0
building,nan,house,ABC Housing ltd,648696.2944,6111406.961,POINT (648696.2944 6111406.961),3,0
building,nan,house,ABC Housing ltd,649645.1372,6118712.701,POINT (649645.1372 6118712.701),3,0
building,nan,semidetached_house,ABC Housing ltd,650242.7645,6110291.07,POINT (650242.7645 6110291.07),3,0
building,nan,terrace,ABC Housing ltd,649096.1174,6113718.335,POINT (649096.1174 6113718.335),3,0
building,nan,house,ABC Housing ltd,648299.6417,6111087.771,POINT (648299.6417 6111087.771),3,0
building,nan,house,ABC Housing ltd,649702.6382,6118784.796,POINT (649702.6382 6118784.796),3,0
building,nan,semidetached_house,ABC Housing ltd,645985.5803,6116705.007,POINT (645985.5803 6116705.007),3,0
building,nan,house,ABC Housing ltd,650012.6293,6119602.726,POINT (650012.6293 6119602.726),3,0
building,nan,house,ABC Housing ltd,650008.826,6112084.282,POINT (650008.826 6112084.282),3,0
building,nan,house,ABC Housing ltd,648262.0102,6111059.123,POINT (648262.0102 6111059.123),3,0
building,nan,house,ABC Housing ltd,648451.4723,6113154.091,POINT (648451.4723 6113154.091),3,0
building,nan,terrace,ABC Housing ltd,647887.294,6111508.357,POINT (647887.294 6111508.357),3,0
building,nan,house,ABC Housing ltd,649731.2706,6110000.816,POINT (649731.2706 6110000.816),3,0
building,nan,terrace,ABC Housing ltd,649687.9652,6118567.902,POINT (649687.9652 6118567.902),3,0
building,nan,terrace,ABC Housing ltd,649194.2071,6113840.738,POINT (649194.2071 6113840.738),3,0
building,nan,house,ABC Housing ltd,649714.7318,6110011.109,POINT (649714.7318 6110011.109),3,0
building,nan,semidetached_house,ABC Housing ltd,649553.6366,6119244.625,POINT (649553.6366 6119244.625),3,0
building,nan,house,ABC Housing ltd,649447.1105,6119388.392,POINT (649447.1105 6119388.392),3,0
building,nan,semidetached_house,ABC Housing ltd,649109.9105,6113848.586,POINT (649109.9105 6113848.586),3,0
building,nan,house,ABC Housing ltd,649861.9526,6118564.357,POINT (649861.9526 6118564.357),3,0
building,nan,house,ABC Housing ltd,648751.5816,6111438.828,POINT (648751.5816 6111438.828),3,0
building,nan,apartments,ABC Housing ltd,649916.3365,6112215.053,POINT (649916.3365 6112215.053),3,0
building,nan,semidetached_house,ABC Housing ltd,647626.2047,6109941.467,POINT (647626.2047 6109941.467),3,0
building,nan,semidetached_house,ABC Housing ltd,647528.1687,6111484.526,POINT (647528.1687 6111484.526),3,0
building,nan,house,ABC Housing ltd,649679.6416,6119241.8,POINT (649679.6416 6119241.8),3,0
building,nan,house,ABC Housing ltd,648760.1163,6111462.438,POINT (648760.1163 6111462.438),3,0
building,nan,house,ABC Housing ltd,648107.5607,6110881.585,POINT (648107.5607 6110881.585),3,0
building,nan,house,ABC Housing ltd,648763.431,6111445.659,POINT (648763.431 6111445.659),3,0
building,nan,semidetached_house,ABC Housing ltd,645947.5114,6116331.035,POINT (645947.5114 6116331.035),3,0
building,nan,semidetached_house,ABC Housing ltd,650323.687,6110346.198,POINT (650323.687 6110346.198),3,0
building,nan,house,ABC Housing ltd,656282.449,6121916.039,POINT (656282.449 6121916.039),3,0
building,nan,semidetached_house,ABC Housing ltd,645902.9084,6116368.506,POINT (645902.9084 6116368.506),3,0
building,nan,house,ABC Housing ltd,650231.6026,6110092.872,POINT (650231.6026 6110092.872),3,0
building,nan,terrace,ABC Housing ltd,649167.2842,6113737.56,POINT (649167.2842 6113737.56),3,0
building,nan,semidetached_house,ABC Housing ltd,650342.526,6110189.739,POINT (650342.526 6110189.739),3,0
building,nan,residential,ABC Housing ltd,653150.3067,6114493.073,POINT (653150.3067 6114493.073),3,0
building,nan,house,ABC Housing ltd,650300.9076,6110223.476,POINT (650300.9076 6110223.476),3,0
building,nan,semidetached_house,ABC Housing ltd,647561.9398,6110485.535,POINT (647561.9398000001 6110485.535),3,0
building,nan,semidetached_house,ABC Housing ltd,646046.2731,6116504.573,POINT (646046.2731 6116504.573),3,0
building,nan,house,ABC Housing ltd,649183.3534,6113473.779,POINT (649183.3534 6113473.779),3,0
building,nan,semidetached_house,ABC Housing ltd,648397.0018,6119314.84,POINT (648397.0018 6119314.84),3,0
building,nan,detached,ABC Housing ltd,649070.6239,6111449.279,POINT (649070.6239 6111449.279),3,0
building,nan,house,ABC Housing ltd,647753.9479,6110435.37,POINT (647753.9479 6110435.37),3,0
building,nan,house,ABC Housing ltd,646145.6001,6116475.795,POINT (646145.6001 6116475.795),3,0
building,nan,semidetached_house,ABC Housing ltd,650203.1647,6110240.262,POINT (650203.1647 6110240.262),3,0
building,nan,semidetached_house,ABC Housing ltd,650234.7069,6110227.704,POINT (650234.7069 6110227.704),3,0
building,nan,house,ABC Housing ltd,650131.8142,6112224.282,POINT (650131.8142 6112224.282),3,0
building,nan,house,ABC Housing ltd,638002.5319,6115406.566,POINT (638002.5318999999 6115406.566),3,0
building,nan,semidetached_house,ABC Housing ltd,645864.571,6116497.798,POINT (645864.571 6116497.798),3,0
building,nan,semidetached_house,ABC Housing ltd,647479.7843,6110340.837,POINT (647479.7843000001 6110340.837),3,0
building,nan,house,ABC Housing ltd,648530.8286,6119282.297,POINT (648530.8286 6119282.297),3,0
building,nan,house,ABC Housing ltd,648770.2954,6111499.711,POINT (648770.2953999999 6111499.711),3,0
building,nan,house,ABC Housing ltd,649686.817,6118802.865,POINT (649686.817 6118802.865),3,0
building,nan,semidetached_house,ABC Housing ltd,647673.8627,6111493.023,POINT (647673.8627000001 6111493.023),3,0
building,nan,semidetached_house,ABC Housing ltd,645860.7362,6116504.301,POINT (645860.7362 6116504.301),3,0
building,nan,house,ABC Housing ltd,649929.1875,6112146.762,POINT (649929.1875 6112146.762),3,0
building,nan,house,ABC Housing ltd,650529.469,6109940.081,POINT (650529.469 6109940.081),3,0
building,nan,semidetached_house,ABC Housing ltd,647454.6049,6110434.753,POINT (647454.6049 6110434.753),3,0
building,nan,house,ABC Housing ltd,650509.764,6109958.91,POINT (650509.764 6109958.91),3,0
building,nan,house,ABC Housing ltd,650561.8996,6109936.353,POINT (650561.8996 6109936.353),3,0
building,nan,house,ABC Housing ltd,645768.1575,6116535.722,POINT (645768.1575 6116535.722),3,0
building,nan,house,ABC Housing ltd,649675.6699,6110104.362,POINT (649675.6699 6110104.362),3,0
building,nan,house,ABC Housing ltd,647259.7014,6112660.46,POINT (647259.7014 6112660.46),3,0
building,nan,house,ABC Housing ltd,649588.726,6110156.524,POINT (649588.726 6110156.524),3,0
building,nan,house,ABC Housing ltd,648601.36,6119280.904,POINT (648601.36 6119280.904),3,0
building,nan,house,ABC Housing ltd,647288.5223,6112321.462,POINT (647288.5223 6112321.462),3,0
building,nan,house,ABC Housing ltd,647329.3825,6112360.084,POINT (647329.3824999999 6112360.084),3,0
building,nan,house,ABC Housing ltd,644962.6604,6116744.986,POINT (644962.6604000001 6116744.986),3,0
building,nan,semidetached_house,ABC Housing ltd,647644.1352,6111520.387,POINT (647644.1352 6111520.387),3,0
building,nan,semidetached_house,ABC Housing ltd,649374.0705,6113651.408,POINT (649374.0705 6113651.408),3,0
building,nan,house,ABC Housing ltd,645708.2875,6116466.214,POINT (645708.2875 6116466.214),3,0
building,nan,semidetached_house,ABC Housing ltd,649398.4925,6113659.705,POINT (649398.4925000001 6113659.705),3,0
building,nan,semidetached_house,ABC Housing ltd,650328.8371,6110163.611,POINT (650328.8371 6110163.611),3,0
building,nan,terrace,ABC Housing ltd,649237.27,6113725.134,POINT (649237.27 6113725.134),3,0
building,nan,house,ABC Housing ltd,650271.5618,6110283.778,POINT (650271.5618 6110283.778),3,0
building,nan,semidetached_house,ABC Housing ltd,649475.8724,6113499.26,POINT (649475.8724 6113499.26),3,0
building,nan,terrace,ABC Housing ltd,646007.1017,6116657.93,POINT (646007.1017 6116657.93),3,0
building,nan,terrace,ABC Housing ltd,646007.0469,6116634.385,POINT (646007.0469 6116634.385),3,0
building,nan,house,ABC Housing ltd,646360.0056,6116541.647,POINT (646360.0056 6116541.647),3,0
building,nan,terrace,ABC Housing ltd,649207.5996,6113524.713,POINT (649207.5996 6113524.713),3,0
building,nan,house,ABC Housing ltd,646892.7247,6112845.875,POINT (646892.7247 6112845.875),3,0
building,nan,house,ABC Housing ltd,650106.9922,6112150.845,POINT (650106.9922 6112150.845),3,0
building,nan,semidetached_house,ABC Housing ltd,650220.2423,6110257.144,POINT (650220.2423 6110257.144),3,0
building,nan,house,ABC Housing ltd,650054.1737,6112195.114,POINT (650054.1737 6112195.114),3,0
building,nan,terrace,ABC Housing ltd,649236.0807,6113439.91,POINT (649236.0807 6113439.91),3,0
building,nan,house,ABC Housing ltd,650625.8015,6110126.698,POINT (650625.8014999999 6110126.698),3,0
building,nan,house,ABC Housing ltd,645218.5269,6116292.287,POINT (645218.5269000001 6116292.287),3,0
building,nan,detached,ABC Housing ltd,649255.9998,6111264.858,POINT (649255.9998 6111264.858),3,0
building,nan,house,ABC Housing ltd,647224.8672,6112557.971,POINT (647224.8672 6112557.971),3,0
building,nan,semidetached_house,ABC Housing ltd,647925.0615,6111363.681,POINT (647925.0615 6111363.681),3,0
building,nan,house,ABC Housing ltd,649075.7142,6112642.022,POINT (649075.7142 6112642.022),3,0
building,nan,house,ABC Housing ltd,646304.8537,6116386.452,POINT (646304.8537 6116386.452),3,0
building,nan,house,ABC Housing ltd,647777.4615,6110001.969,POINT (647777.4615 6110001.969),3,0
building,nan,house,ABC Housing ltd,649737.622,6119227.717,POINT (649737.622 6119227.717),3,0
building,nan,house,ABC Housing ltd,647093.1998,6112584.838,POINT (647093.1997999999 6112584.838),3,0
building,nan,terrace,ABC Housing ltd,649269.678,6113525.879,POINT (649269.678 6113525.879),3,0
building,nan,semidetached_house,ABC Housing ltd,646243.3254,6116323.062,POINT (646243.3254 6116323.062),3,0
building,nan,semidetached_house,ABC Housing ltd,649189.1168,6119041.388,POINT (649189.1168 6119041.388),3,0
building,nan,terrace,ABC Housing ltd,647803.5763,6111454.641,POINT (647803.5763 6111454.641),3,0
building,nan,house,ABC Housing ltd,656285.9876,6121628.161,POINT (656285.9876 6121628.161),3,0
building,nan,terrace,ABC Housing ltd,649225.7596,6113593.533,POINT (649225.7596 6113593.533),3,0
building,nan,house,ABC Housing ltd,646994.7033,6112713.636,POINT (646994.7033000001 6112713.636),3,0
building,nan,house,ABC Housing ltd,645216.7514,6116907.2,POINT (645216.7514 6116907.2),3,0
building,nan,semidetached_house,ABC Housing ltd,649179.2578,6119148.584,POINT (649179.2578 6119148.584),3,0
building,nan,house,ABC Housing ltd,646001.3751,6117813.343,POINT (646001.3750999999 6117813.343),3,0
building,nan,house,ABC Housing ltd,650404.1846,6110083.241,POINT (650404.1846 6110083.241),3,0
building,nan,house,ABC Housing ltd,647497.0552,6112201.936,POINT (647497.0551999999 6112201.936),3,0
building,nan,house,ABC Housing ltd,645262.8681,6116985.727,POINT (645262.8681 6116985.727),3,0
building,nan,semidetached_house,ABC Housing ltd,649960.561,6110060.991,POINT (649960.561 6110060.991),3,0
building,nan,semidetached_house,ABC Housing ltd,649982.063,6110047.88,POINT (649982.063 6110047.88),3,0
building,nan,house,ABC Housing ltd,648609.5452,6110412.775,POINT (648609.5452000001 6110412.775),3,0
building,nan,house,ABC Housing ltd,649227.2864,6119084.108,POINT (649227.2864 6119084.108),3,0
building,nan,house,ABC Housing ltd,650143.9838,6112720.334,POINT (650143.9838 6112720.334),3,0
building,nan,house,ABC Housing ltd,656280.2687,6121634.882,POINT (656280.2687 6121634.882),3,0
building,nan,house,ABC Housing ltd,659381.0123,6117950.027,POINT (659381.0122999999 6117950.027),3,0
building,nan,house,ABC Housing ltd,656262.4933,6121631.511,POINT (656262.4933 6121631.511),3,0
building,nan,house,ABC Housing ltd,650171.4144,6112749.282,POINT (650171.4144 6112749.282),3,0
building,nan,semidetached_house,ABC Housing ltd,645440.1442,6116954.66,POINT (645440.1442 6116954.66),3,0
building,nan,house,ABC Housing ltd,646742.7411,6117269.739,POINT (646742.7411 6117269.739),3,0
building,nan,semidetached_house,ABC Housing ltd,647983.0689,6110107.461,POINT (647983.0689 6110107.461),3,0
building,nan,house,ABC Housing ltd,650359.8872,6110200.356,POINT (650359.8872 6110200.356),3,0
building,nan,house,ABC Housing ltd,649965.0589,6118808.705,POINT (649965.0588999999 6118808.705),3,0
building,nan,house,ABC Housing ltd,650324.4801,6110301.82,POINT (650324.4801 6110301.82),3,0
building,nan,house,ABC Housing ltd,645446.9079,6116782.516,POINT (645446.9079 6116782.516),3,0
building,nan,semidetached_house,ABC Housing ltd,650402.1521,6110323.887,POINT (650402.1520999999 6110323.887),3,0
building,nan,house,ABC Housing ltd,647296.3964,6112447.74,POINT (647296.3964 6112447.74),3,0
building,nan,terrace,ABC Housing ltd,647923.3432,6111123.123,POINT (647923.3432 6111123.123),3,0
building,nan,house,ABC Housing ltd,647252.4192,6112428.626,POINT (647252.4192 6112428.626),3,0
building,nan,apartments,ABC Housing ltd,648513.538,6111396.012,POINT (648513.5379999999 6111396.012),3,0
building,nan,semidetached_house,ABC Housing ltd,656352.2728,6121725.288,POINT (656352.2728 6121725.288),3,0
building,nan,semidetached_house,ABC Housing ltd,650124.5545,6112441.124,POINT (650124.5545 6112441.124),3,0
building,nan,house,ABC Housing ltd,645153.0605,6116451.969,POINT (645153.0605 6116451.969),3,0
building,nan,semidetached_house,ABC Housing ltd,649085.4783,6112947.456,POINT (649085.4783 6112947.456),3,0
building,nan,house,ABC Housing ltd,649786.5862,6119164.57,POINT (649786.5862 6119164.57),3,0
building,nan,terrace,ABC Housing ltd,649599.521,6119443.04,POINT (649599.5209999999 6119443.04),3,0
building,nan,house,ABC Housing ltd,645191.1519,6116424.652,POINT (645191.1519000001 6116424.652),3,0
building,nan,house,ABC Housing ltd,645161.1313,6116510.382,POINT (645161.1313 6116510.382),3,0
building,nan,semidetached_house,ABC Housing ltd,649784.5955,6119128.64,POINT (649784.5955000001 6119128.64),3,0
building,nan,house,ABC Housing ltd,649638.0979,6119090.125,POINT (649638.0979000001 6119090.125),3,0
building,nan,semidetached_house,ABC Housing ltd,645161.2658,6116568.213,POINT (645161.2658000001 6116568.213),3,0
building,nan,house,ABC Housing ltd,648807.5099,6112698.718,POINT (648807.5098999999 6112698.718),3,0
building,nan,house,ABC Housing ltd,648672.3238,6111269.468,POINT (648672.3238 6111269.468),3,0
building,nan,semidetached_house,ABC Housing ltd,649092.4252,6112663.901,POINT (649092.4252000001 6112663.901),3,0
building,nan,house,ABC Housing ltd,645247.9807,6116614.699,POINT (645247.9807 6116614.699),3,0
building,nan,house,ABC Housing ltd,656625.6172,6121642.114,POINT (656625.6172 6121642.114),3,0
building,nan,house,ABC Housing ltd,661206.5077,6111768.287,POINT (661206.5077 6111768.287),3,0
building,nan,house,ABC Housing ltd,645270.9921,6116517.545,POINT (645270.9921 6116517.545),3,0
building,nan,terrace,ABC Housing ltd,645569.8932,6117271.624,POINT (645569.8932 6117271.624),3,0
building,nan,terrace,ABC Housing ltd,645572.5825,6117266.025,POINT (645572.5825 6117266.025),3,0
building,nan,house,ABC Housing ltd,661148.0174,6111759.832,POINT (661148.0174 6111759.832),3,0
building,nan,semidetached_house,ABC Housing ltd,650073.4773,6112394.068,POINT (650073.4773 6112394.068),3,0
building,nan,detached,ABC Housing ltd,649118.2374,6110787.883,POINT (649118.2374 6110787.883),3,0
building,nan,semidetached_house,ABC Housing ltd,650191.5657,6112392.638,POINT (650191.5657 6112392.638),3,0
building,nan,house,ABC Housing ltd,645265.2381,6116650.628,POINT (645265.2381 6116650.628),3,0
building,nan,house,ABC Housing ltd,645475.7919,6115997.774,POINT (645475.7919 6115997.774),3,0
building,nan,house,ABC Housing ltd,647331.5185,6112101.209,POINT (647331.5185 6112101.209),3,0
building,nan,house,ABC Housing ltd,645447.2678,6116029.777,POINT (645447.2678 6116029.777),3,0
building,nan,house,ABC Housing ltd,645113.2715,6116998.419,POINT (645113.2715 6116998.419),3,0
building,nan,semidetached_house,ABC Housing ltd,645547.2267,6117416.224,POINT (645547.2267 6117416.224),3,0
building,nan,house,ABC Housing ltd,645489.6493,6115903.442,POINT (645489.6493 6115903.442),3,0
building,nan,house,ABC Housing ltd,645338.6392,6117120.066,POINT (645338.6392 6117120.066),3,0
building,nan,semidetached_house,ABC Housing ltd,645122.8731,6116594.741,POINT (645122.8731 6116594.741),3,0
building,nan,house,ABC Housing ltd,649988.5919,6118843.796,POINT (649988.5919 6118843.796),3,0
building,nan,terrace,ABC Housing ltd,648954.3392,6119113.78,POINT (648954.3392 6119113.78),3,0
building,nan,house,ABC Housing ltd,645250.3634,6117127.573,POINT (645250.3634 6117127.573),3,0
building,nan,terrace,ABC Housing ltd,647935.5391,6111053.08,POINT (647935.5391000001 6111053.08),3,0
building,nan,house,ABC Housing ltd,650653.6829,6110350.086,POINT (650653.6829 6110350.086),3,0
building,nan,semidetached_house,ABC Housing ltd,656434.6762,6121738.17,POINT (656434.6762 6121738.17),3,0
building,nan,terrace,ABC Housing ltd,649091.4977,6112995.829,POINT (649091.4976999999 6112995.829),3,0
building,nan,house,ABC Housing ltd,647885.1291,6110341.472,POINT (647885.1291 6110341.472),3,0
building,nan,house,ABC Housing ltd,645073.2106,6116682.131,POINT (645073.2106 6116682.131),3,0
building,nan,house,ABC Housing ltd,647929.9259,6110323.874,POINT (647929.9259 6110323.874),3,0
building,nan,residential,ABC Housing ltd,649145.0941,6112427.396,POINT (649145.0941 6112427.396),3,0
building,nan,terrace,ABC Housing ltd,647914.7691,6111081.435,POINT (647914.7691 6111081.435),3,0
building,nan,house,ABC Housing ltd,649176.46,6112695.384,POINT (649176.46 6112695.384),3,0
building,nan,house,ABC Housing ltd,648936.7916,6119291.627,POINT (648936.7916 6119291.627),3,0
building,nan,terrace,ABC Housing ltd,649167.1398,6112871.8,POINT (649167.1398 6112871.8),3,0
building,nan,semidetached_house,ABC Housing ltd,647695.711,6110975.344,POINT (647695.711 6110975.344),3,0
building,nan,house,ABC Housing ltd,647907.5001,6110248.007,POINT (647907.5000999999 6110248.007),3,0
building,nan,house,ABC Housing ltd,649171.7952,6112685.93,POINT (649171.7952000001 6112685.93),3,0
building,nan,house,ABC Housing ltd,649164.7994,6112671.751,POINT (649164.7994 6112671.751),3,0
building,nan,residential,ABC Housing ltd,649161.6752,6112265.137,POINT (649161.6752000001 6112265.137),3,0
building,nan,house,ABC Housing ltd,644987.7968,6117069.437,POINT (644987.7968 6117069.437),3,0
building,nan,house,ABC Housing ltd,649737.4114,6118498.549,POINT (649737.4114 6118498.549),3,0
building,nan,terrace,ABC Housing ltd,647730.545,6110936.335,POINT (647730.545 6110936.335),3,0
building,nan,house,ABC Housing ltd,649322.1456,6119247.008,POINT (649322.1456 6119247.008),3,0
building,nan,terrace,ABC Housing ltd,647729.2141,6110954.715,POINT (647729.2141 6110954.715),3,0
building,nan,house,ABC Housing ltd,645606.496,6117340.789,POINT (645606.496 6117340.789),3,0
building,nan,semidetached_house,ABC Housing ltd,645349.268,6116280.886,POINT (645349.268 6116280.886),3,0
building,nan,semidetached_house,ABC Housing ltd,646770.0527,6118366.231,POINT (646770.0527 6118366.231),3,0
building,nan,house,ABC Housing ltd,656628.3127,6121807.645,POINT (656628.3127 6121807.645),3,0
building,nan,terrace,ABC Housing ltd,647759.8383,6110912.114,POINT (647759.8382999999 6110912.114),3,0
building,nan,residential,ABC Housing ltd,649170.261,6112185.583,POINT (649170.2610000001 6112185.583),3,0
building,nan,terrace,ABC Housing ltd,649903.6545,6119297.324,POINT (649903.6544999999 6119297.324),3,0
building,nan,semidetached_house,ABC Housing ltd,645392.0974,6117545.817,POINT (645392.0974 6117545.817),3,0
building,nan,house,ABC Housing ltd,650395.2634,6110500.203,POINT (650395.2634000001 6110500.203),3,0
building,nan,house,ABC Housing ltd,645478.3157,6116089.248,POINT (645478.3157 6116089.248),3,0
building,nan,semidetached_house,ABC Housing ltd,648930.3538,6112913.464,POINT (648930.3538 6112913.464),3,0
building,nan,house,ABC Housing ltd,648904.7768,6113376.58,POINT (648904.7768 6113376.58),3,0
building,nan,house,ABC Housing ltd,650187.8887,6118795.26,POINT (650187.8887 6118795.26),3,0
building,nan,house,ABC Housing ltd,645133.3325,6117088.862,POINT (645133.3325 6117088.862),3,0
building,nan,residential,ABC Housing ltd,659911.2269,6113383.64,POINT (659911.2269 6113383.64),3,0
building,nan,house,ABC Housing ltd,656246.6917,6115142.668,POINT (656246.6917 6115142.668),3,0
building,nan,house,ABC Housing ltd,655936.7281,6119645.326,POINT (655936.7280999999 6119645.326),3,0
building,nan,house,ABC Housing ltd,647727.4903,6109880.923,POINT (647727.4902999999 6109880.923),3,0
building,nan,house,ABC Housing ltd,650006.0532,6118503.297,POINT (650006.0532 6118503.297),3,0
building,nan,house,ABC Housing ltd,645512.2287,6116629.042,POINT (645512.2287 6116629.042),3,0
building,nan,terrace,ABC Housing ltd,645595.0027,6116846.418,POINT (645595.0027 6116846.418),3,0
building,nan,semidetached_house,ABC Housing ltd,648843.9799,6119215.375,POINT (648843.9799 6119215.375),3,0
building,nan,house,ABC Housing ltd,650299.4076,6118860.94,POINT (650299.4076 6118860.94),3,0
building,nan,terrace,ABC Housing ltd,649038.5025,6113024.956,POINT (649038.5024999999 6113024.956),3,0
building,nan,apartments,ABC Housing ltd,645821.0093,6116163.147,POINT (645821.0093 6116163.147),3,0
building,nan,house,ABC Housing ltd,650574.2921,6110390.104,POINT (650574.2921 6110390.104),3,0
building,nan,terrace,ABC Housing ltd,649056.7025,6112981.854,POINT (649056.7025 6112981.854),3,0
building,nan,house,ABC Housing ltd,645814.8303,6116080.414,POINT (645814.8303 6116080.414),3,0
building,nan,semidetached_house,ABC Housing ltd,649895.5266,6119305.452,POINT (649895.5266 6119305.452),3,0
building,nan,terrace,ABC Housing ltd,649048.0548,6112828.776,POINT (649048.0548 6112828.776),3,0
building,nan,semidetached_house,ABC Housing ltd,649894.3141,6119311.443,POINT (649894.3141 6119311.443),3,0
building,nan,house,ABC Housing ltd,645750.7721,6116001.106,POINT (645750.7720999999 6116001.106),3,0
building,nan,terrace,ABC Housing ltd,649102.9107,6112827.919,POINT (649102.9107 6112827.919),3,0
building,nan,house,ABC Housing ltd,645829.1054,6116036.252,POINT (645829.1054 6116036.252),3,0
building,nan,house,ABC Housing ltd,645248.2587,6117196.29,POINT (645248.2587 6117196.29),3,0
building,nan,house,ABC Housing ltd,645208.4603,6117166.617,POINT (645208.4603 6117166.617),3,0
building,nan,house,ABC Housing ltd,645664.3609,6115920.207,POINT (645664.3609 6115920.207),3,0
building,nan,house,ABC Housing ltd,647874.5326,6110209.614,POINT (647874.5326 6110209.614),3,0
building,nan,house,ABC Housing ltd,646057.3218,6117818.854,POINT (646057.3218 6117818.854),3,0
building,nan,house,ABC Housing ltd,648792.0337,6119293.905,POINT (648792.0337 6119293.905),3,0
building,nan,house,ABC Housing ltd,647833.42,6110250.099,POINT (647833.42 6110250.099),3,0
building,nan,terrace,ABC Housing ltd,648866.8938,6112905.084,POINT (648866.8938 6112905.084),3,0
building,nan,terrace,ABC Housing ltd,647798.1988,6111044.949,POINT (647798.1988 6111044.949),3,0
building,nan,terrace,ABC Housing ltd,645779.3764,6117049.924,POINT (645779.3764 6117049.924),3,0
building,nan,house,ABC Housing ltd,648733.8488,6119340.451,POINT (648733.8488 6119340.451),3,0
building,nan,house,ABC Housing ltd,650597.8465,6112297.542,POINT (650597.8465 6112297.542),3,0
building,nan,house,ABC Housing ltd,646372.6917,6117592.605,POINT (646372.6917 6117592.605),3,0
building,nan,house,ABC Housing ltd,646066.6803,6117809.402,POINT (646066.6803 6117809.402),3,0
building,nan,semidetached_house,ABC Housing ltd,650004.5219,6110110.064,POINT (650004.5219000001 6110110.064),3,0
building,nan,residential,ABC Housing ltd,656511.4576,6112249.2,POINT (656511.4576 6112249.2),3,0
building,nan,house,ABC Housing ltd,649086.8289,6119075.144,POINT (649086.8289 6119075.144),3,0
building,nan,house,ABC Housing ltd,649076.4718,6119128.847,POINT (649076.4718000001 6119128.847),3,0
building,nan,semidetached_house,ABC Housing ltd,645836.1464,6117904.663,POINT (645836.1464 6117904.663),3,0
building,nan,semidetached_house,ABC Housing ltd,649116.7384,6118925.976,POINT (649116.7384 6118925.976),3,0
building,nan,house,ABC Housing ltd,647816.1759,6111016.817,POINT (647816.1759 6111016.817),3,0
building,nan,semidetached_house,ABC Housing ltd,645812.6756,6117235.019,POINT (645812.6756 6117235.019),3,0
building,nan,house,ABC Housing ltd,647349.016,6111062.199,POINT (647349.0159999999 6111062.199),3,0
building,nan,house,ABC Housing ltd,646392.6693,6117608.482,POINT (646392.6693 6117608.482),3,0
building,nan,house,ABC Housing ltd,647637.9288,6109757.334,POINT (647637.9288 6109757.334),3,0
building,nan,terrace,ABC Housing ltd,649055.8791,6118904.527,POINT (649055.8791 6118904.527),3,0
building,nan,semidetached_house,ABC Housing ltd,645731.4536,6117930.913,POINT (645731.4536 6117930.913),3,0
building,nan,semidetached_house,ABC Housing ltd,648883.5241,6112983.954,POINT (648883.5241 6112983.954),3,0
building,nan,house,ABC Housing ltd,650216.4875,6118667.152,POINT (650216.4875 6118667.152),3,0
building,nan,semidetached_house,ABC Housing ltd,645840.7861,6117113.177,POINT (645840.7861 6117113.177),3,0
building,nan,terrace,ABC Housing ltd,649033.1013,6118856.582,POINT (649033.1013 6118856.582),3,0
building,nan,terrace,ABC Housing ltd,648026.4266,6111202.169,POINT (648026.4266 6111202.169),3,0
building,nan,house,ABC Housing ltd,650500.9372,6110446.032,POINT (650500.9372 6110446.032),3,0
building,nan,house,ABC Housing ltd,647680.272,6109768.626,POINT (647680.272 6109768.626),3,0
building,nan,terrace,ABC Housing ltd,645372.7839,6117937.032,POINT (645372.7839 6117937.032),3,0
building,nan,semidetached_house,ABC Housing ltd,645482.3295,6117968.45,POINT (645482.3295 6117968.45),3,0
building,nan,house,ABC Housing ltd,650017.3179,6119039.412,POINT (650017.3179 6119039.412),3,0
building,nan,terrace,ABC Housing ltd,649130.8065,6118912.972,POINT (649130.8064999999 6118912.972),3,0
building,nan,house,ABC Housing ltd,649981.0201,6110010.68,POINT (649981.0201 6110010.68),3,0
building,nan,semidetached_house,ABC Housing ltd,645427.19,6117940.038,POINT (645427.1899999999 6117940.038),3,0
building,nan,semidetached_house,ABC Housing ltd,656335.1465,6121460.738,POINT (656335.1465 6121460.738),3,0
building,nan,terrace,ABC Housing ltd,647854.6916,6111238.307,POINT (647854.6916 6111238.307),3,0
building,nan,house,ABC Housing ltd,647615.2154,6109977.749,POINT (647615.2154 6109977.749),3,0
building,nan,terrace,ABC Housing ltd,647867.5891,6111229.446,POINT (647867.5891 6111229.446),3,0
building,nan,house,ABC Housing ltd,645719.8746,6117553.701,POINT (645719.8746 6117553.701),3,0
building,nan,house,ABC Housing ltd,645685.849,6117589.848,POINT (645685.849 6117589.848),3,0
building,nan,terrace,ABC Housing ltd,648831.5198,6118897.606,POINT (648831.5198 6118897.606),3,0
building,Lisnagalt Lodge,residential,ABC Housing ltd,654836.7904,6112577.768,POINT (654836.7904000001 6112577.768),3,0
building,nan,residential,ABC Housing ltd,650435.4964,6108779.706,POINT (650435.4963999999 6108779.706),3,0
building,nan,semidetached_house,ABC Housing ltd,647738.1014,6110184.846,POINT (647738.1014 6110184.846),3,0
building,nan,house,ABC Housing ltd,645852.1197,6117573.86,POINT (645852.1197 6117573.86),3,0
building,nan,semidetached_house,ABC Housing ltd,647766.8238,6110145.739,POINT (647766.8238 6110145.739),3,0
building,nan,semidetached_house,ABC Housing ltd,647390.3205,6111186.437,POINT (647390.3205 6111186.437),3,0
building,nan,semidetached_house,ABC Housing ltd,648930.3899,6112812.065,POINT (648930.3899 6112812.065),3,0
building,nan,terrace,ABC Housing ltd,648858.0746,6118878.211,POINT (648858.0746000001 6118878.211),3,0
building,nan,terrace,ABC Housing ltd,645651.8488,6117949.356,POINT (645651.8488 6117949.356),3,0
building,nan,house,ABC Housing ltd,647651.8753,6111303.15,POINT (647651.8753 6111303.15),3,0
building,nan,terrace,ABC Housing ltd,645636.9932,6117952.817,POINT (645636.9932 6117952.817),3,0
building,nan,house,ABC Housing ltd,645705.7738,6117060.556,POINT (645705.7738 6117060.556),3,0
building,nan,semidetached_house,ABC Housing ltd,647879.0418,6110659.848,POINT (647879.0418 6110659.848),3,0
building,nan,terrace,ABC Housing ltd,650005.8705,6112367.598,POINT (650005.8705 6112367.598),3,0
building,nan,terrace,ABC Housing ltd,645628.0799,6117954.923,POINT (645628.0799 6117954.923),3,0
building,nan,house,ABC Housing ltd,645930.8746,6117623.685,POINT (645930.8746 6117623.685),3,0
building,nan,semidetached_house,ABC Housing ltd,648922.1547,6112841.045,POINT (648922.1547 6112841.045),3,0
building,nan,terrace,ABC Housing ltd,649853.3211,6119233.78,POINT (649853.3210999999 6119233.78),3,0
building,nan,house,ABC Housing ltd,647960.0467,6112958.913,POINT (647960.0466999999 6112958.913),3,0
building,nan,house,ABC Housing ltd,647614.0456,6111308.391,POINT (647614.0456 6111308.391),3,0
building,nan,house,ABC Housing ltd,645912.5084,6117526.517,POINT (645912.5084 6117526.517),3,0
building,nan,house,ABC Housing ltd,649136.9435,6110120.881,POINT (649136.9435000001 6110120.881),3,0
building,nan,semidetached_house,ABC Housing ltd,645724.3974,6117122.421,POINT (645724.3974 6117122.421),3,0
building,nan,house,ABC Housing ltd,649060.1486,6119026.667,POINT (649060.1486 6119026.667),3,0
building,nan,house,ABC Housing ltd,645325.7804,6117901.954,POINT (645325.7804 6117901.954),3,0
building,nan,semidetached_house,ABC Housing ltd,645686.4145,6117195.565,POINT (645686.4145 6117195.565),3,0
building,nan,house,ABC Housing ltd,647835.8767,6113009.146,POINT (647835.8767 6113009.146),3,0
building,nan,terrace,ABC Housing ltd,645353.4467,6117864.832,POINT (645353.4467 6117864.832),3,0
building,nan,house,ABC Housing ltd,648199.0615,6111471.28,POINT (648199.0615 6111471.28),3,0
building,nan,semidetached_house,ABC Housing ltd,647730.6664,6109979.822,POINT (647730.6664 6109979.822),3,0
building,nan,semidetached_house,ABC Housing ltd,647679.7388,6110996.124,POINT (647679.7388000001 6110996.124),3,0
building,nan,house,ABC Housing ltd,650208.6271,6110071.003,POINT (650208.6271 6110071.003),3,0
building,nan,terrace,ABC Housing ltd,650442.3324,6110352.225,POINT (650442.3324 6110352.225),3,0
building,nan,semidetached_house,ABC Housing ltd,645760.3649,6117136.745,POINT (645760.3649 6117136.745),3,0
building,nan,house,ABC Housing ltd,649138.0197,6110414.013,POINT (649138.0196999999 6110414.013),3,0
building,nan,house,ABC Housing ltd,650414.1101,6110351.051,POINT (650414.1101 6110351.051),3,0
building,nan,terrace,ABC Housing ltd,645559.5699,6117619.428,POINT (645559.5699 6117619.428),3,0
building,nan,semidetached_house,ABC Housing ltd,650207.8889,6118919.629,POINT (650207.8889 6118919.629),3,0
building,nan,house,ABC Housing ltd,645493.1353,6118060.374,POINT (645493.1353 6118060.374),3,0
building,nan,house,ABC Housing ltd,647609.8972,6110987.407,POINT (647609.8972 6110987.407),3,0
building,nan,house,ABC Housing ltd,647734.0549,6113000.097,POINT (647734.0549 6113000.097),3,0
building,nan,house,ABC Housing ltd,646195.152,6115922.443,POINT (646195.152 6115922.443),3,0
building,nan,house,ABC Housing ltd,645796.1659,6116949.371,POINT (645796.1659 6116949.371),3,0
building,nan,house,ABC Housing ltd,645778.8772,6116938.624,POINT (645778.8772 6116938.624),3,0
building,nan,house,ABC Housing ltd,649827.5035,6110313.614,POINT (649827.5035 6110313.614),3,0
building,nan,house,ABC Housing ltd,647758.3335,6113048.446,POINT (647758.3334999999 6113048.446),3,0
building,nan,semidetached_house,ABC Housing ltd,647933.4336,6110051.081,POINT (647933.4336 6110051.081),3,0
building,nan,semidetached_house,ABC Housing ltd,645774.8184,6116961.78,POINT (645774.8184 6116961.78),3,0
building,nan,house,ABC Housing ltd,649809.2434,6110326.432,POINT (649809.2434 6110326.432),3,0
building,nan,house,ABC Housing ltd,649113.941,6110485.11,POINT (649113.941 6110485.11),3,0
building,nan,house,ABC Housing ltd,650024.0718,6112412.686,POINT (650024.0718 6112412.686),3,0
building,nan,house,ABC Housing ltd,649634.0106,6110561.583,POINT (649634.0106 6110561.583),3,0
building,nan,house,ABC Housing ltd,650195.6002,6118892.536,POINT (650195.6002 6118892.536),3,0
building,nan,terrace,ABC Housing ltd,649691.8466,6119418.565,POINT (649691.8466 6119418.565),3,0
building,nan,terrace,ABC Housing ltd,645681.5261,6117629.363,POINT (645681.5261 6117629.363),3,0
building,nan,house,ABC Housing ltd,647598.0554,6112542.902,POINT (647598.0554 6112542.902),3,0
building,nan,semidetached_house,ABC Housing ltd,647983.153,6110091.705,POINT (647983.153 6110091.705),3,0
building,nan,house,ABC Housing ltd,649069.9081,6110644.798,POINT (649069.9081 6110644.798),3,0
building,nan,house,ABC Housing ltd,645451.1632,6117109.701,POINT (645451.1632 6117109.701),3,0
building,nan,semidetached_house,ABC Housing ltd,645385.0821,6117132.151,POINT (645385.0821 6117132.151),3,0
building,nan,terrace,ABC Housing ltd,648915.0462,6113867.116,POINT (648915.0462 6113867.116),3,0
building,nan,semidetached_house,ABC Housing ltd,649589.773,6110559.352,POINT (649589.773 6110559.352),3,0
building,nan,semidetached_house,ABC Housing ltd,645591.5628,6117053.724,POINT (645591.5628 6117053.724),3,0
building,nan,house,ABC Housing ltd,645395.9627,6117508.473,POINT (645395.9627 6117508.473),3,0
building,nan,house,ABC Housing ltd,646407.7492,6117669.828,POINT (646407.7492 6117669.828),3,0
building,nan,semidetached_house,ABC Housing ltd,648088.7697,6110159.462,POINT (648088.7696999999 6110159.462),3,0
building,nan,semidetached_house,ABC Housing ltd,649580.6251,6110307.455,POINT (649580.6250999999 6110307.455),3,0
building,nan,house,ABC Housing ltd,649893.706,6112581.861,POINT (649893.706 6112581.861),3,0
building,nan,semidetached_house,ABC Housing ltd,645616.8327,6116975.255,POINT (645616.8327 6116975.255),3,0
building,nan,house,ABC Housing ltd,649216.3309,6118971.489,POINT (649216.3308999999 6118971.489),3,0
building,nan,house,ABC Housing ltd,646542.7498,6116115.099,POINT (646542.7498 6116115.099),3,0
building,nan,house,ABC Housing ltd,647717.6187,6110666.752,POINT (647717.6187 6110666.752),3,0
building,nan,house,ABC Housing ltd,646441.5053,6117629.568,POINT (646441.5053 6117629.568),3,0
building,nan,house,ABC Housing ltd,649700.4501,6110221.051,POINT (649700.4501 6110221.051),3,0
building,nan,house,ABC Housing ltd,649447.3434,6110137.386,POINT (649447.3434 6110137.386),3,0
building,nan,house,ABC Housing ltd,646420.3426,6117634.988,POINT (646420.3426 6117634.988),3,0
building,nan,house,ABC Housing ltd,646495.79,6116168.152,POINT (646495.79 6116168.152),3,0
building,nan,house,ABC Housing ltd,647874.1333,6113124.907,POINT (647874.1333 6113124.907),3,0
building,nan,semidetached_house,ABC Housing ltd,649607.371,6110611.376,POINT (649607.371 6110611.376),3,0
building,nan,house,ABC Housing ltd,645926.361,6117097.272,POINT (645926.361 6117097.272),3,0
building,nan,house,ABC Housing ltd,656349.4686,6121680.7,POINT (656349.4686 6121680.7),3,0
building,nan,house,ABC Housing ltd,647435.2569,6110924.788,POINT (647435.2569 6110924.788),3,0
building,nan,house,ABC Housing ltd,645527.2344,6117570.245,POINT (645527.2344 6117570.245),3,0
building,nan,terrace,ABC Housing ltd,649504.4345,6119428.192,POINT (649504.4345 6119428.192),3,0
building,nan,semidetached_house,ABC Housing ltd,649616.339,6110630.536,POINT (649616.339 6110630.536),3,0
building,nan,house,ABC Housing ltd,646143.8321,6115887.509,POINT (646143.8321 6115887.509),3,0
building,nan,house,ABC Housing ltd,647416.3388,6110891.192,POINT (647416.3388 6110891.192),3,0
building,nan,house,ABC Housing ltd,647732.8912,6111574.109,POINT (647732.8912 6111574.109),3,0
building,nan,semidetached_house,ABC Housing ltd,646060.1411,6117248.935,POINT (646060.1411 6117248.935),3,0
building,nan,house,ABC Housing ltd,645453.2051,6117617.951,POINT (645453.2051 6117617.951),3,0
building,nan,house,ABC Housing ltd,645781.9236,6116860.61,POINT (645781.9236 6116860.61),3,0
building,nan,house,ABC Housing ltd,649633.7838,6112319.782,POINT (649633.7838 6112319.782),3,0
building,nan,house,ABC Housing ltd,649825.5024,6110402.548,POINT (649825.5024 6110402.548),3,0
building,nan,house,ABC Housing ltd,645851.4109,6117524.59,POINT (645851.4109 6117524.59),3,0
building,nan,house,ABC Housing ltd,646306.9781,6117511.279,POINT (646306.9780999999 6117511.279),3,0
building,nan,house,ABC Housing ltd,646264.3985,6117510.858,POINT (646264.3985 6117510.858),3,0
building,nan,house,ABC Housing ltd,647341.9457,6110821.769,POINT (647341.9457 6110821.769),3,0
building,nan,house,ABC Housing ltd,646064.5314,6116019.438,POINT (646064.5314 6116019.438),3,0
building,nan,residential,ABC Housing ltd,652505.6686,6109284.901,POINT (652505.6686 6109284.901),3,0
building,nan,house,ABC Housing ltd,649757.8029,6110444.769,POINT (649757.8029 6110444.769),3,0
building,nan,house,ABC Housing ltd,649778.8534,6119509.993,POINT (649778.8534 6119509.993),3,0
building,nan,house,ABC Housing ltd,647451.8534,6112526.546,POINT (647451.8534 6112526.546),3,0
building,nan,house,ABC Housing ltd,646057.9571,6116432.073,POINT (646057.9571 6116432.073),3,0
building,nan,terrace,ABC Housing ltd,647758.9418,6112148.078,POINT (647758.9418 6112148.078),3,0
building,nan,house,ABC Housing ltd,646151.086,6116400.134,POINT (646151.086 6116400.134),3,0
building,nan,house,ABC Housing ltd,649553.875,6110690.47,POINT (649553.875 6110690.47),3,0
building,nan,terrace,ABC Housing ltd,649698.7841,6119322.022,POINT (649698.7841 6119322.022),3,0
building,nan,house,ABC Housing ltd,647384.4051,6110671.626,POINT (647384.4051 6110671.626),3,0
building,nan,house,ABC Housing ltd,647533.7766,6112533.133,POINT (647533.7766 6112533.133),3,0
building,nan,house,ABC Housing ltd,647480.2767,6110606.653,POINT (647480.2767 6110606.653),3,0
building,nan,house,ABC Housing ltd,647498.9326,6112515.583,POINT (647498.9325999999 6112515.583),3,0
building,nan,terrace,ABC Housing ltd,649680.0564,6119485.478,POINT (649680.0564 6119485.478),3,0
building,nan,house,ABC Housing ltd,649477.7185,6110588.877,POINT (649477.7185 6110588.877),3,0
building,nan,semidetached_house,ABC Housing ltd,649489.7171,6110331.922,POINT (649489.7171 6110331.922),3,0
building,nan,house,ABC Housing ltd,645608.2686,6116042.627,POINT (645608.2686 6116042.627),3,0
building,nan,house,ABC Housing ltd,649336.8387,6118944.925,POINT (649336.8387 6118944.925),3,0
building,nan,semidetached_house,ABC Housing ltd,646411.0969,6116227.537,POINT (646411.0969 6116227.537),3,0
building,nan,terrace,ABC Housing ltd,646068.1987,6117040.115,POINT (646068.1986999999 6117040.115),3,0
building,nan,house,ABC Housing ltd,648952.6373,6110750.711,POINT (648952.6372999999 6110750.711),3,0
building,nan,house,ABC Housing ltd,647573.6625,6110588.735,POINT (647573.6625 6110588.735),3,0
building,nan,semidetached_house,ABC Housing ltd,647778.1464,6111568.388,POINT (647778.1464 6111568.388),3,0
building,nan,house,ABC Housing ltd,647809.1335,6112645.977,POINT (647809.1335 6112645.977),3,0
building,nan,house,ABC Housing ltd,649154.2042,6110685.513,POINT (649154.2042 6110685.513),3,0
building,nan,house,ABC Housing ltd,648168.7695,6112928.217,POINT (648168.7695000001 6112928.217),3,0
building,nan,house,ABC Housing ltd,647593.3936,6110821.624,POINT (647593.3936 6110821.624),3,0
building,nan,house,ABC Housing ltd,646010.0379,6117067.067,POINT (646010.0379 6117067.067),3,0
building,nan,house,ABC Housing ltd,647914.0932,6112227.536,POINT (647914.0932 6112227.536),3,0
building,nan,semidetached_house,ABC Housing ltd,649376.8311,6118884.991,POINT (649376.8311 6118884.991),3,0
building,nan,terrace,ABC Housing ltd,649044.8595,6118411.803,POINT (649044.8595 6118411.803),0,250
building,nan,house,ABC Housing ltd,649441.9167,6109999.58,POINT (649441.9166999999 6109999.58),0,250
building,nan,terrace,ABC Housing ltd,649663.8251,6112448.687,POINT (649663.8251 6112448.687),0,250
building,nan,semidetached_house,ABC Housing ltd,648375.7091,6113104.871,POINT (648375.7091 6113104.871),0,250
building,nan,house,ABC Housing ltd,648681.326,6112235.179,POINT (648681.326 6112235.179),0,250
building,nan,house,ABC Housing ltd,649265.6438,6110059.797,POINT (649265.6438 6110059.797),0,250
building,nan,house,ABC Housing ltd,647104.0429,6112969.481,POINT (647104.0429 6112969.481),0,250
building,nan,terrace,ABC Housing ltd,649181.3841,6113935.678,POINT (649181.3841 6113935.678),0,250
building,nan,terrace,ABC Housing ltd,649221.7573,6113982.548,POINT (649221.7573000001 6113982.548),0,250
building,nan,house,ABC Housing ltd,646734.2673,6117605.216,POINT (646734.2672999999 6117605.216),0,250
building,nan,house,ABC Housing ltd,646158.5504,6117942.965,POINT (646158.5503999999 6117942.965),0,250
building,nan,house,ABC Housing ltd,649493.0854,6109922.614,POINT (649493.0854 6109922.614),0,250
building,nan,house,ABC Housing ltd,649478.679,6109891.082,POINT (649478.679 6109891.082),0,250
building,nan,semidetached_house,ABC Housing ltd,646646.7653,6117606.704,POINT (646646.7653 6117606.704),0,250
building,nan,house,ABC Housing ltd,646656.2077,6117582.925,POINT (646656.2077 6117582.925),0,250
building,nan,house,ABC Housing ltd,646296.9747,6118000.232,POINT (646296.9747 6118000.232),0,250
building,nan,house,ABC Housing ltd,647331.4042,6113078.248,POINT (647331.4042 6113078.248),0,250
building,nan,house,ABC Housing ltd,647050.7955,6113007.111,POINT (647050.7955 6113007.111),0,250
building,nan,house,ABC Housing ltd,649620.6928,6118368.284,POINT (649620.6928 6118368.284),0,250
building,nan,house,ABC Housing ltd,649861.4856,6109886.163,POINT (649861.4856 6109886.163),0,250
building,nan,residential,ABC Housing ltd,657664.9783,6119463.505,POINT (657664.9783 6119463.505),0,250
building,nan,house,ABC Housing ltd,647123.4761,6113075.357,POINT (647123.4761 6113075.357),0,250
building,nan,residential,ABC Housing ltd,657662.6833,6119556.951,POINT (657662.6833 6119556.951),0,250
building,nan,semidetached_house,ABC Housing ltd,649450.8744,6118556.54,POINT (649450.8744 6118556.54),0,250
building,nan,terrace,ABC Housing ltd,648831.0119,6114347.409,POINT (648831.0119 6114347.409),0,250
building,nan,semidetached_house,ABC Housing ltd,647591.6387,6111538.831,POINT (647591.6387 6111538.831),0,250
building,nan,house,ABC Housing ltd,646164.1049,6118412.722,POINT (646164.1049 6118412.722),0,250
building,nan,house,ABC Housing ltd,649638.0849,6118474.181,POINT (649638.0849 6118474.181),0,250
building,nan,house,ABC Housing ltd,649588.695,6118415.78,POINT (649588.6949999999 6118415.78),0,250
building,nan,semidetached_house,ABC Housing ltd,649554.9069,6113360.638,POINT (649554.9068999999 6113360.638),0,250
building,nan,house,ABC Housing ltd,649377.1789,6118816.713,POINT (649377.1789000001 6118816.713),0,250
building,nan,semidetached_house,ABC Housing ltd,647006.2018,6112566.364,POINT (647006.2018 6112566.364),0,250
building,nan,house,ABC Housing ltd,650340.1353,6119092.395,POINT (650340.1353 6119092.395),0,250
building,nan,house,ABC Housing ltd,646964.9865,6112612.909,POINT (646964.9865 6112612.909),0,250
building,nan,house,ABC Housing ltd,649333.3348,6118848.681,POINT (649333.3348 6118848.681),0,250
building,nan,house,ABC Housing ltd,649424.5491,6118639.899,POINT (649424.5490999999 6118639.899),0,250
building,nan,house,ABC Housing ltd,648649.5094,6110293.074,POINT (648649.5094 6110293.074),0,250
building,nan,house,ABC Housing ltd,648756.1594,6114348.831,POINT (648756.1594 6114348.831),0,250
building,nan,house,ABC Housing ltd,650138.7168,6119059.738,POINT (650138.7168000001 6119059.738),0,250
building,nan,house,ABC Housing ltd,648720.8993,6114415.924,POINT (648720.8993 6114415.924),0,250
building,nan,house,ABC Housing ltd,650229.3253,6119008.123,POINT (650229.3253 6119008.123),0,250
building,nan,house,ABC Housing ltd,648081.5572,6109932.538,POINT (648081.5572 6109932.538),0,250
building,nan,house,ABC Housing ltd,649568.8638,6118386.032,POINT (649568.8638000001 6118386.032),0,250
building,nan,semidetached_house,ABC Housing ltd,646789.9565,6117522.014,POINT (646789.9565 6117522.014),0,250
building,nan,house,ABC Housing ltd,649504.0404,6118715.034,POINT (649504.0404000001 6118715.034),0,250
building,nan,house,ABC Housing ltd,648399.5117,6110282.841,POINT (648399.5117 6110282.841),0,250
building,nan,house,ABC Housing ltd,647910.9967,6109876.276,POINT (647910.9967 6109876.276),0,250
building,nan,semidetached_house,ABC Housing ltd,646559.2519,6117680.214,POINT (646559.2519 6117680.214),0,250
building,nan,house,ABC Housing ltd,649684.8609,6118212.352,POINT (649684.8609 6118212.352),0,250
building,nan,house,ABC Housing ltd,648134.0695,6110082.0,POINT (648134.0695 6110082),0,250
building,nan,house,ABC Housing ltd,648675.9787,6113756.318,POINT (648675.9787 6113756.318),0,250
building,nan,house,ABC Housing ltd,647460.1836,6111943.208,POINT (647460.1836 6111943.208),0,250
building,nan,house,ABC Housing ltd,648672.4914,6113781.398,POINT (648672.4914000001 6113781.398),0,250
building,nan,house,ABC Housing ltd,647370.0881,6112058.757,POINT (647370.0881000001 6112058.757),0,250
building,nan,house,ABC Housing ltd,647377.5307,6111975.475,POINT (647377.5307 6111975.475),0,250
building,nan,house,ABC Housing ltd,648787.4188,6113680.322,POINT (648787.4188 6113680.322),0,250
building,nan,terrace,ABC Housing ltd,648681.5937,6113723.957,POINT (648681.5937 6113723.957),0,250
building,nan,terrace,ABC Housing ltd,648667.6358,6113709.636,POINT (648667.6358 6113709.636),0,250
building,nan,house,ABC Housing ltd,661263.0813,6111732.285,POINT (661263.0813 6111732.285),0,250
building,nan,house,ABC Housing ltd,647705.7599,6111663.268,POINT (647705.7598999999 6111663.268),0,250
building,nan,residential,ABC Housing ltd,659271.9724,6113200.334,POINT (659271.9724 6113200.334),0,250
building,nan,house,ABC Housing ltd,655513.4592,6117950.22,POINT (655513.4592 6117950.22),0,250
building,nan,house,ABC Housing ltd,655565.9913,6117994.111,POINT (655565.9913 6117994.111),0,250
building,nan,semidetached_house,ABC Housing ltd,649111.5018,6118726.733,POINT (649111.5018 6118726.733),0,250
building,nan,house,ABC Housing ltd,647274.3893,6111947.496,POINT (647274.3893 6111947.496),0,250
building,nan,semidetached_house,ABC Housing ltd,649074.1247,6118700.279,POINT (649074.1247 6118700.279),0,250
building,nan,terrace,ABC Housing ltd,648052.5971,6111677.241,POINT (648052.5971 6111677.241),0,250
building,nan,house,ABC Housing ltd,648445.9044,6114489.808,POINT (648445.9044 6114489.808),0,250
building,nan,house,ABC Housing ltd,650889.9976,6110431.722,POINT (650889.9976 6110431.722),0,250
building,nan,house,ABC Housing ltd,648391.9825,6114562.733,POINT (648391.9825 6114562.733),0,250
building,nan,semidetached_house,ABC Housing ltd,650892.5748,6110518.022,POINT (650892.5747999999 6110518.022),0,250
building,nan,house,ABC Housing ltd,648407.5395,6114419.607,POINT (648407.5395 6114419.607),0,250
building,nan,house,ABC Housing ltd,649945.5514,6109919.393,POINT (649945.5514 6109919.393),0,250
building,nan,house,ABC Housing ltd,655602.3264,6118347.075,POINT (655602.3264 6118347.075),0,250
building,nan,terrace,ABC Housing ltd,649180.6273,6118116.63,POINT (649180.6273000001 6118116.63),0,250
building,nan,house,ABC Housing ltd,655557.1137,6117985.01,POINT (655557.1137 6117985.01),0,250
building,nan,terrace,ABC Housing ltd,649003.4762,6114047.587,POINT (649003.4762 6114047.587),0,250
building,nan,semidetached_house,ABC Housing ltd,648675.0314,6113974.618,POINT (648675.0314 6113974.618),0,250
building,nan,house,ABC Housing ltd,648708.9203,6114023.039,POINT (648708.9203 6114023.039),0,250
building,nan,house,ABC Housing ltd,650010.9151,6119187.903,POINT (650010.9151 6119187.903),0,250
building,nan,house,ABC Housing ltd,649187.5581,6118306.47,POINT (649187.5581 6118306.47),0,250
building,nan,house,ABC Housing ltd,656260.8671,6121417.346,POINT (656260.8671 6121417.346),0,250
building,nan,house,ABC Housing ltd,649953.7326,6119256.481,POINT (649953.7326 6119256.481),0,250
building,nan,terrace,ABC Housing ltd,649988.4068,6119248.501,POINT (649988.4068 6119248.501),0,250
building,nan,residential,ABC Housing ltd,652684.3027,6112963.394,POINT (652684.3027 6112963.394),0,250
building,nan,residential,ABC Housing ltd,652968.3489,6113468.958,POINT (652968.3489 6113468.958),0,250
building,nan,detached,ABC Housing ltd,651744.743,6108368.639,POINT (651744.743 6108368.639),0,250
building,nan,terrace,ABC Housing ltd,648955.3735,6114068.228,POINT (648955.3735 6114068.228),0,250
building,nan,house,ABC Housing ltd,655691.2169,6121357.345,POINT (655691.2169 6121357.345),0,250
building,nan,house,ABC Housing ltd,649827.4749,6110435.778,POINT (649827.4749 6110435.778),0,250
building,nan,terrace,ABC Housing ltd,649007.3738,6114100.94,POINT (649007.3737999999 6114100.94),0,250
building,nan,house,ABC Housing ltd,648867.3057,6118693.512,POINT (648867.3057 6118693.512),0,250
building,nan,house,ABC Housing ltd,650961.006,6110583.616,POINT (650961.0060000001 6110583.616),0,250
building,nan,terrace,ABC Housing ltd,648941.3757,6114120.756,POINT (648941.3757 6114120.756),0,250
building,nan,terrace,ABC Housing ltd,648996.8567,6118727.615,POINT (648996.8567 6118727.615),0,250
building,nan,terrace,ABC Housing ltd,648892.0023,6118794.182,POINT (648892.0023000001 6118794.182),0,250
building,nan,terrace,ABC Housing ltd,648922.0788,6118805.991,POINT (648922.0788 6118805.991),0,250
building,nan,terrace,ABC Housing ltd,648826.2924,6113932.422,POINT (648826.2924 6113932.422),0,250
building,nan,house,ABC Housing ltd,649251.1989,6118805.67,POINT (649251.1989 6118805.67),0,250
building,nan,house,ABC Housing ltd,656821.4858,6121105.414,POINT (656821.4858 6121105.414),0,250
building,nan,semidetached_house,ABC Housing ltd,649194.8818,6118786.72,POINT (649194.8818 6118786.72),0,250
building,nan,house,ABC Housing ltd,649355.5593,6109981.78,POINT (649355.5593 6109981.78),0,250
building,nan,house,ABC Housing ltd,649343.8282,6110035.526,POINT (649343.8282 6110035.526),0,250
building,nan,terrace,ABC Housing ltd,647782.3288,6112104.423,POINT (647782.3288 6112104.423),0,250
building,nan,semidetached_house,ABC Housing ltd,649018.077,6118713.582,POINT (649018.077 6118713.582),0,250
building,nan,house,ABC Housing ltd,649814.8319,6109953.262,POINT (649814.8319 6109953.262),0,250
building,nan,house,ABC Housing ltd,648618.7724,6112376.722,POINT (648618.7724 6112376.722),0,250
building,nan,house,ABC Housing ltd,649712.4372,6112576.343,POINT (649712.4372 6112576.343),0,250
building,nan,terrace,ABC Housing ltd,646492.6674,6117821.433,POINT (646492.6674 6117821.433),0,250
building,nan,house,ABC Housing ltd,646407.49,6117833.266,POINT (646407.49 6117833.266),0,250
building,nan,semidetached_house,ABC Housing ltd,647891.4468,6111753.742,POINT (647891.4468 6111753.742),0,250
building,nan,terrace,ABC Housing ltd,648808.1478,6114041.909,POINT (648808.1478 6114041.909),0,250
building,nan,house,ABC Housing ltd,649130.1827,6118390.187,POINT (649130.1827 6118390.187),0,250
building,nan,semidetached_house,ABC Housing ltd,647678.0622,6111651.278,POINT (647678.0622 6111651.278),0,250
building,nan,house,ABC Housing ltd,645784.3478,6118121.758,POINT (645784.3478 6118121.758),0,250
building,nan,house,ABC Housing ltd,648851.7499,6112246.359,POINT (648851.7499000001 6112246.359),0,250
building,nan,house,ABC Housing ltd,649310.9724,6110056.365,POINT (649310.9724 6110056.365),0,250
building,nan,house,ABC Housing ltd,649128.9419,6118651.065,POINT (649128.9419 6118651.065),0,250
building,nan,house,ABC Housing ltd,649160.6706,6118649.893,POINT (649160.6706 6118649.893),0,250
building,nan,house,ABC Housing ltd,647946.0293,6112124.267,POINT (647946.0293000001 6112124.267),0,250
building,nan,terrace,ABC Housing ltd,649102.7764,6118515.776,POINT (649102.7764 6118515.776),0,250
building,nan,house,ABC Housing ltd,650288.9584,6119173.222,POINT (650288.9584 6119173.222),1,100
building,nan,house,ABC Housing ltd,647234.6607,6113159.136,POINT (647234.6607 6113159.136),1,100
building,nan,house,ABC Housing ltd,646335.2655,6118078.926,POINT (646335.2655 6118078.926),1,100
building,nan,house,ABC Housing ltd,646413.5029,6118013.295,POINT (646413.5029 6118013.295),1,100
building,nan,house,ABC Housing ltd,646694.3296,6117675.71,POINT (646694.3296000001 6117675.71),1,100
building,nan,residential,ABC Housing ltd,651812.9755,6108248.268,POINT (651812.9754999999 6108248.268),1,100
building,nan,house,ABC Housing ltd,648751.0248,6114276.819,POINT (648751.0248 6114276.819),1,100
building,nan,house,ABC Housing ltd,647294.7741,6111749.208,POINT (647294.7741 6111749.208),1,100
building,nan,semidetached_house,ABC Housing ltd,647345.5241,6111768.5,POINT (647345.5241 6111768.5),1,100
building,nan,house,ABC Housing ltd,648452.575,6110211.321,POINT (648452.575 6110211.321),1,100
building,nan,house,ABC Housing ltd,648720.944,6114235.51,POINT (648720.944 6114235.51),1,100
building,nan,house,ABC Housing ltd,648476.3299,6114353.27,POINT (648476.3299 6114353.27),1,100
building,nan,house,ABC Housing ltd,647436.7179,6111929.818,POINT (647436.7179 6111929.818),1,100
building,nan,house,ABC Housing ltd,647344.5376,6111899.317,POINT (647344.5376 6111899.317),1,100
building,nan,house,ABC Housing ltd,649230.7391,6118596.593,POINT (649230.7391 6118596.593),1,100
building,nan,house,ABC Housing ltd,647670.0575,6111748.842,POINT (647670.0575 6111748.842),1,100
building,nan,house,ABC Housing ltd,647787.6445,6111764.356,POINT (647787.6445000001 6111764.356),1,100
building,nan,house,ABC Housing ltd,649522.3308,6118376.323,POINT (649522.3308 6118376.323),1,100
building,nan,house,ABC Housing ltd,655620.4345,6118227.071,POINT (655620.4345 6118227.071),1,100
building,nan,house,ABC Housing ltd,649448.762,6118179.155,POINT (649448.762 6118179.155),1,100
building,nan,house,ABC Housing ltd,650880.1409,6110712.171,POINT (650880.1409 6110712.171),1,100
building,nan,house,ABC Housing ltd,648671.7885,6114029.582,POINT (648671.7885 6114029.582),1,100
building,nan,semidetached_house,ABC Housing ltd,649294.6983,6118323.066,POINT (649294.6983 6118323.066),1,100
building,nan,terrace,ABC Housing ltd,648920.5085,6114172.265,POINT (648920.5085 6114172.265),1,100
building,nan,house,ABC Housing ltd,655729.5413,6121318.149,POINT (655729.5413 6121318.149),1,100
building,nan,house,ABC Housing ltd,655773.1128,6121342.505,POINT (655773.1128 6121342.505),1,100
building,nan,terrace,ABC Housing ltd,649504.7413,6112497.817,POINT (649504.7413 6112497.817),1,100
building,nan,house,ABC Housing ltd,650988.5673,6110578.138,POINT (650988.5673 6110578.138),1,100
building,nan,house,ABC Housing ltd,656853.6708,6121003.916,POINT (656853.6708 6121003.916),1,100
building,nan,terrace,ABC Housing ltd,647827.1093,6111925.81,POINT (647827.1093 6111925.81),1,100
building,nan,terrace,ABC Housing ltd,647796.7275,6111916.203,POINT (647796.7275 6111916.203),1,100
building,nan,house,ABC Housing ltd,649107.4381,6118638.996,POINT (649107.4381 6118638.996),1,100
building,nan,terrace,ABC Housing ltd,649069.3193,6118523.946,POINT (649069.3193 6118523.946),1,100
building,nan,house,ABC Housing ltd,647226.8685,6113169.905,POINT (647226.8685 6113169.905),2,50
building,nan,house,ABC Housing ltd,649726.7058,6112923.323,POINT (649726.7058 6112923.323),2,50
building,nan,semidetached_house,ABC Housing ltd,646469.3141,6118032.33,POINT (646469.3141 6118032.33),2,50
building,nan,house,ABC Housing ltd,647273.962,6113205.665,POINT (647273.9620000001 6113205.665),2,50
building,nan,house,ABC Housing ltd,649623.0366,6112903.52,POINT (649623.0366 6112903.52),2,50
building,nan,semidetached_house,ABC Housing ltd,646028.6321,6118199.324,POINT (646028.6321 6118199.324),2,50
building,nan,house,ABC Housing ltd,648724.09,6114213.007,POINT (648724.09 6114213.007),2,50
building,nan,house,ABC Housing ltd,648601.3297,6114369.765,POINT (648601.3297 6114369.765),2,50
building,nan,semidetached_house,ABC Housing ltd,647448.766,6111812.35,POINT (647448.7659999999 6111812.35),2,50
building,nan,house,ABC Housing ltd,648627.6465,6114232.387,POINT (648627.6465 6114232.387),2,50
building,nan,house,ABC Housing ltd,648743.6325,6114201.619,POINT (648743.6324999999 6114201.619),2,50
building,nan,house,ABC Housing ltd,648572.1251,6114306.832,POINT (648572.1250999999 6114306.832),2,50
building,nan,house,ABC Housing ltd,649044.0023,6118634.575,POINT (649044.0023000001 6118634.575),2,50
building,nan,house,ABC Housing ltd,645937.1551,6118255.931,POINT (645937.1551 6118255.931),2,50
building,nan,house,ABC Housing ltd,648742.0625,6114136.186,POINT (648742.0625 6114136.186),2,50
building,nan,house,ABC Housing ltd,648698.2682,6114115.326,POINT (648698.2682 6114115.326),2,50
building,nan,terrace,ABC Housing ltd,647810.8729,6111890.605,POINT (647810.8729 6111890.605),2,50
building,nan,semidetached_house,ABC Housing ltd,648057.4927,6111885.908,POINT (648057.4926999999 6111885.908),2,50
